{"cameraMode":{"drawMode":0,"name":"Shaded","section":"Shading Mode"},"sceneLighting":false,"audioPlay":false,"sceneViewState":{"showFog":true,"showMaterialUpdate":false,"showSkybox":false,"showFlares":true,"showImageEffects":true,"showParticleSystems":true},"in2DMode":false,"pivot":{"x":1.7576051950454713,"y":1.125,"z":5.6587018966674809},"rotation":{"x":0.5843787789344788,"y":0.06433866918087006,"z":-0.04655645787715912,"w":0.807585597038269},"size":8.65036392211914,"orthographic":true}