{"cameraMode":{"drawMode":0,"name":"Shaded","section":"Shading Mode"},"sceneLighting":true,"audioPlay":false,"sceneViewState":{"showFog":true,"showMaterialUpdate":false,"showSkybox":false,"showFlares":true,"showImageEffects":true,"showParticleSystems":true},"in2DMode":false,"pivot":{"x":-20.520000457763673,"y":1.8400001525878907,"z":9.490325927734375},"rotation":{"x":-0.13521786034107209,"y":0.8084656000137329,"z":-0.2042837291955948,"w":-0.5351333618164063},"size":7.915423393249512,"orthographic":true}