{"cameraMode":{"drawMode":0,"name":"Shaded","section":"Shading Mode"},"sceneLighting":false,"audioPlay":false,"sceneViewState":{"showFog":true,"showMaterialUpdate":false,"showSkybox":false,"showFlares":true,"showImageEffects":true,"showParticleSystems":true},"in2DMode":false,"pivot":{"x":2.83782958984375,"y":2.2477340698242189,"z":10.998626708984375},"rotation":{"x":-0.02027977630496025,"y":-0.808428943157196,"z":0.02790166810154915,"w":-0.5875822901725769},"size":0.5348668694496155,"orthographic":true}